YR,MNTH,MNTHS,BNF,BNF_CHAPTER,TOTAL_ITEMS
2021,11,Nov,1,Gastro-Intestinal System,471494
2021,11,Nov,2,Cardiovascular System,1429170
2021,11,Nov,3,Respiratory System,381499
2021,11,Nov,4,Central Nervous System,1087413
2021,11,Nov,5,Infections,182731
2021,11,Nov,6,Endocrine System,515979
2021,11,Nov,7,"Obstetrics,Gynae+Urinary Tract Disorders",134241
2021,11,Nov,8,Malignant Disease & Immunosuppression,18340
2021,11,Nov,9,Nutrition and Blood,254967
2021,11,Nov,10,Musculoskeletal & Joint Diseases,154860
2021,11,Nov,11,Eye,73350
2021,11,Nov,12,"Ear, Nose and Oropharynx",63424
2021,11,Nov,13,Skin,120095
2021,11,Nov,14,Immunological Products & Vaccines,675
2021,11,Nov,15,Anaesthesia,6697
2021,11,Nov,19,Other Drugs and Preparations,3433
2021,11,Nov,20,Dressings,14904
2021,11,Nov,21,Appliances,131148
2021,11,Nov,22,Incontinence Appliances,3028
2021,11,Nov,23,Stoma Appliances,11195
2021,10,Oct,1,Gastro-Intestinal System,548179
2021,10,Oct,2,Cardiovascular System,1655092
2021,10,Oct,3,Respiratory System,442168
2021,10,Oct,4,Central Nervous System,1251803
2021,10,Oct,5,Infections,187505
2021,10,Oct,6,Endocrine System,598268
2021,10,Oct,7,"Obstetrics,Gynae+Urinary Tract Disorders",153989
2021,10,Oct,8,Malignant Disease & Immunosuppression,21628
2021,10,Oct,9,Nutrition and Blood,303674
2021,10,Oct,10,Musculoskeletal & Joint Diseases,175634
2021,10,Oct,11,Eye,84603
2021,10,Oct,12,"Ear, Nose and Oropharynx",69801
2021,10,Oct,13,Skin,134344
2021,10,Oct,14,Immunological Products & Vaccines,679
2021,10,Oct,15,Anaesthesia,6816
2021,10,Oct,19,Other Drugs and Preparations,4438
2021,10,Oct,20,Dressings,17309
2021,10,Oct,21,Appliances,149621
2021,10,Oct,22,Incontinence Appliances,3574
2021,10,Oct,23,Stoma Appliances,13646
2021,9,Sep,1,Gastro-Intestinal System,593048
2021,9,Sep,2,Cardiovascular System,1787454
2021,9,Sep,3,Respiratory System,479204
2021,9,Sep,4,Central Nervous System,1349389
2021,9,Sep,5,Infections,185757
2021,9,Sep,6,Endocrine System,644773
2021,9,Sep,7,"Obstetrics,Gynae+Urinary Tract Disorders",167521
2021,9,Sep,8,Malignant Disease & Immunosuppression,23490
2021,9,Sep,9,Nutrition and Blood,331232
2021,9,Sep,10,Musculoskeletal & Joint Diseases,192003
2021,9,Sep,11,Eye,91983
2021,9,Sep,12,"Ear, Nose and Oropharynx",75173
2021,9,Sep,13,Skin,147332
2021,9,Sep,14,Immunological Products & Vaccines,704
2021,9,Sep,15,Anaesthesia,7388
2021,9,Sep,19,Other Drugs and Preparations,4845
2021,9,Sep,20,Dressings,20282
2021,9,Sep,21,Appliances,161930
2021,9,Sep,22,Incontinence Appliances,4044
2021,9,Sep,23,Stoma Appliances,15516
2021,8,Aug,1,Gastro-Intestinal System,585888
2021,8,Aug,2,Cardiovascular System,1784008
2021,8,Aug,3,Respiratory System,461557
2021,8,Aug,4,Central Nervous System,1331596
2021,8,Aug,5,Infections,159744
2021,8,Aug,6,Endocrine System,635331
2021,8,Aug,7,"Obstetrics,Gynae+Urinary Tract Disorders",164253
2021,8,Aug,8,Malignant Disease & Immunosuppression,23347
2021,8,Aug,9,Nutrition and Blood,329126
2021,8,Aug,10,Musculoskeletal & Joint Diseases,187528
2021,8,Aug,11,Eye,92802
2021,8,Aug,12,"Ear, Nose and Oropharynx",72269
2021,8,Aug,13,Skin,141554
2021,8,Aug,14,Immunological Products & Vaccines,710
2021,8,Aug,15,Anaesthesia,6604
2021,8,Aug,19,Other Drugs and Preparations,4839
2021,8,Aug,20,Dressings,19940
2021,8,Aug,21,Appliances,153923
2021,8,Aug,22,Incontinence Appliances,3886
2021,8,Aug,23,Stoma Appliances,14584
2021,7,Jul,1,Gastro-Intestinal System,586355
2021,7,Jul,2,Cardiovascular System,1781495
2021,7,Jul,3,Respiratory System,484015
2021,7,Jul,4,Central Nervous System,1336113
2021,7,Jul,5,Infections,168613
2021,7,Jul,6,Endocrine System,634939
2021,7,Jul,7,"Obstetrics,Gynae+Urinary Tract Disorders",164610
2021,7,Jul,8,Malignant Disease & Immunosuppression,23411
2021,7,Jul,9,Nutrition and Blood,331185
2021,7,Jul,10,Musculoskeletal & Joint Diseases,190649
2021,7,Jul,11,Eye,98337
2021,7,Jul,12,"Ear, Nose and Oropharynx",80311
2021,7,Jul,13,Skin,151054
2021,7,Jul,14,Immunological Products & Vaccines,685
2021,7,Jul,15,Anaesthesia,7502
2021,7,Jul,19,Other Drugs and Preparations,5002
2021,7,Jul,20,Dressings,21051
2021,7,Jul,21,Appliances,158798
2021,7,Jul,22,Incontinence Appliances,3864
2021,7,Jul,23,Stoma Appliances,14891
2021,6,Jun,1,Gastro-Intestinal System,611286
2021,6,Jun,2,Cardiovascular System,1856649
2021,6,Jun,3,Respiratory System,512577
2021,6,Jun,4,Central Nervous System,1391557
2021,6,Jun,5,Infections,167247
2021,6,Jun,6,Endocrine System,658126
2021,6,Jun,7,"Obstetrics,Gynae+Urinary Tract Disorders",171202
2021,6,Jun,8,Malignant Disease & Immunosuppression,24155
2021,6,Jun,9,Nutrition and Blood,341490
2021,6,Jun,10,Musculoskeletal & Joint Diseases,199429
2021,6,Jun,11,Eye,107090
2021,6,Jun,12,"Ear, Nose and Oropharynx",87238
2021,6,Jun,13,Skin,159443
2021,6,Jun,14,Immunological Products & Vaccines,693
2021,6,Jun,15,Anaesthesia,7659
2021,6,Jun,19,Other Drugs and Preparations,5164
2021,6,Jun,20,Dressings,20620
2021,6,Jun,21,Appliances,165970
2021,6,Jun,22,Incontinence Appliances,4061
2021,6,Jun,23,Stoma Appliances,15188
2021,5,May,1,Gastro-Intestinal System,539410
2021,5,May,2,Cardiovascular System,1627680
2021,5,May,3,Respiratory System,428370
2021,5,May,4,Central Nervous System,1231577
2021,5,May,5,Infections,144237
2021,5,May,6,Endocrine System,573422
2021,5,May,7,"Obstetrics,Gynae+Urinary Tract Disorders",150121
2021,5,May,8,Malignant Disease & Immunosuppression,21363
2021,5,May,9,Nutrition and Blood,300392
2021,5,May,10,Musculoskeletal & Joint Diseases,174868
2021,5,May,11,Eye,85675
2021,5,May,12,"Ear, Nose and Oropharynx",68626
2021,5,May,13,Skin,138771
2021,5,May,14,Immunological Products & Vaccines,522
2021,5,May,15,Anaesthesia,6938
2021,5,May,19,Other Drugs and Preparations,4579
2021,5,May,20,Dressings,16392
2021,5,May,21,Appliances,145078
2021,5,May,22,Incontinence Appliances,3467
2021,5,May,23,Stoma Appliances,13219
2021,4,Apr,1,Gastro-Intestinal System,575062
2021,4,Apr,2,Cardiovascular System,1732395
2021,4,Apr,3,Respiratory System,463342
2021,4,Apr,4,Central Nervous System,1312308
2021,4,Apr,5,Infections,149186
2021,4,Apr,6,Endocrine System,605373
2021,4,Apr,7,"Obstetrics,Gynae+Urinary Tract Disorders",158908
2021,4,Apr,8,Malignant Disease & Immunosuppression,22661
2021,4,Apr,9,Nutrition and Blood,315543
2021,4,Apr,10,Musculoskeletal & Joint Diseases,186192
2021,4,Apr,11,Eye,93498
2021,4,Apr,12,"Ear, Nose and Oropharynx",74645
2021,4,Apr,13,Skin,160257
2021,4,Apr,14,Immunological Products & Vaccines,552
2021,4,Apr,15,Anaesthesia,7100
2021,4,Apr,19,Other Drugs and Preparations,4889
2021,4,Apr,20,Dressings,17460
2021,4,Apr,21,Appliances,157183
2021,4,Apr,22,Incontinence Appliances,3651
2021,4,Apr,23,Stoma Appliances,13895
2021,3,Mar,1,Gastro-Intestinal System,647878
2021,3,Mar,2,Cardiovascular System,1955403
2021,3,Mar,3,Respiratory System,511953
2021,3,Mar,4,Central Nervous System,1467279
2021,3,Mar,5,Infections,167582
2021,3,Mar,6,Endocrine System,681939
2021,3,Mar,7,"Obstetrics,Gynae+Urinary Tract Disorders",178772
2021,3,Mar,8,Malignant Disease & Immunosuppression,25605
2021,3,Mar,9,Nutrition and Blood,352782
2021,3,Mar,10,Musculoskeletal & Joint Diseases,207283
2021,3,Mar,11,Eye,101966
2021,3,Mar,12,"Ear, Nose and Oropharynx",79739
2021,3,Mar,13,Skin,175588
2021,3,Mar,14,Immunological Products & Vaccines,513
2021,3,Mar,15,Anaesthesia,7685
2021,3,Mar,19,Other Drugs and Preparations,5432
2021,3,Mar,20,Dressings,18917
2021,3,Mar,21,Appliances,172093
2021,3,Mar,22,Incontinence Appliances,4037
2021,3,Mar,23,Stoma Appliances,15644
2021,2,Feb,1,Gastro-Intestinal System,541106
2021,2,Feb,2,Cardiovascular System,1623198
2021,2,Feb,3,Respiratory System,422549
2021,2,Feb,4,Central Nervous System,1228393
2021,2,Feb,5,Infections,140608
2021,2,Feb,6,Endocrine System,565389
2021,2,Feb,7,"Obstetrics,Gynae+Urinary Tract Disorders",151032
2021,2,Feb,8,Malignant Disease & Immunosuppression,21524
2021,2,Feb,9,Nutrition and Blood,294328
2021,2,Feb,10,Musculoskeletal & Joint Diseases,170610
2021,2,Feb,11,Eye,83513
2021,2,Feb,12,"Ear, Nose and Oropharynx",63820
2021,2,Feb,13,Skin,146102
2021,2,Feb,14,Immunological Products & Vaccines,412
2021,2,Feb,15,Anaesthesia,6389
2021,2,Feb,19,Other Drugs and Preparations,4547
2021,2,Feb,20,Dressings,15342
2021,2,Feb,21,Appliances,142478
2021,2,Feb,22,Incontinence Appliances,3215
2021,2,Feb,23,Stoma Appliances,13146
2021,1,Jan,1,Gastro-Intestinal System,553667
2021,1,Jan,2,Cardiovascular System,1656525
2021,1,Jan,3,Respiratory System,441414
2021,1,Jan,4,Central Nervous System,1256416
2021,1,Jan,5,Infections,149965
2021,1,Jan,6,Endocrine System,580613
2021,1,Jan,7,"Obstetrics,Gynae+Urinary Tract Disorders",156117
2021,1,Jan,8,Malignant Disease & Immunosuppression,22046
2021,1,Jan,9,Nutrition and Blood,299699
2021,1,Jan,10,Musculoskeletal & Joint Diseases,172592
2021,1,Jan,11,Eye,85678
2021,1,Jan,12,"Ear, Nose and Oropharynx",65585
2021,1,Jan,13,Skin,147069
2021,1,Jan,14,Immunological Products & Vaccines,373
2021,1,Jan,15,Anaesthesia,7032
2021,1,Jan,19,Other Drugs and Preparations,4823
2021,1,Jan,20,Dressings,15834
2021,1,Jan,21,Appliances,144905
2021,1,Jan,22,Incontinence Appliances,2314
2021,1,Jan,23,Stoma Appliances,14007
2020,12,Dec,1,Gastro-Intestinal System,616490
2020,12,Dec,2,Cardiovascular System,1866875
2020,12,Dec,3,Respiratory System,494308
2020,12,Dec,4,Central Nervous System,1401575
2020,12,Dec,5,Infections,172188
2020,12,Dec,6,Endocrine System,655236
2020,12,Dec,7,"Obstetrics,Gynae+Urinary Tract Disorders",172089
2020,12,Dec,8,Malignant Disease & Immunosuppression,24661
2020,12,Dec,9,Nutrition and Blood,334086
2020,12,Dec,10,Musculoskeletal & Joint Diseases,189936
2020,12,Dec,11,Eye,96724
2020,12,Dec,12,"Ear, Nose and Oropharynx",71884
2020,12,Dec,13,Skin,151747
2020,12,Dec,14,Immunological Products & Vaccines,563
2020,12,Dec,15,Anaesthesia,7430
2020,12,Dec,19,Other Drugs and Preparations,5348
2020,12,Dec,20,Dressings,18073
2020,12,Dec,21,Appliances,156866
2020,12,Dec,22,Incontinence Appliances,2672
2020,12,Dec,23,Stoma Appliances,15542
2020,11,Nov,1,Gastro-Intestinal System,569594
2020,11,Nov,2,Cardiovascular System,1719097
2020,11,Nov,3,Respiratory System,449706
2020,11,Nov,4,Central Nervous System,1292323
2020,11,Nov,5,Infections,155857
2020,11,Nov,6,Endocrine System,599149
2020,11,Nov,7,"Obstetrics,Gynae+Urinary Tract Disorders",160646
2020,11,Nov,8,Malignant Disease & Immunosuppression,22889
2020,11,Nov,9,Nutrition and Blood,309694
2020,11,Nov,10,Musculoskeletal & Joint Diseases,179978
2020,11,Nov,11,Eye,89828
2020,11,Nov,12,"Ear, Nose and Oropharynx",67010
2020,11,Nov,13,Skin,146612
2020,11,Nov,14,Immunological Products & Vaccines,867
2020,11,Nov,15,Anaesthesia,7520
2020,11,Nov,19,Other Drugs and Preparations,4957
2020,11,Nov,20,Dressings,17226
2020,11,Nov,21,Appliances,147453
2020,11,Nov,22,Incontinence Appliances,2523
2020,11,Nov,23,Stoma Appliances,14633
2020,10,Oct,1,Gastro-Intestinal System,576187
2020,10,Oct,2,Cardiovascular System,1744706
2020,10,Oct,3,Respiratory System,468100
2020,10,Oct,4,Central Nervous System,1318508
2020,10,Oct,5,Infections,164527
2020,10,Oct,6,Endocrine System,610530
2020,10,Oct,7,"Obstetrics,Gynae+Urinary Tract Disorders",164380
2020,10,Oct,8,Malignant Disease & Immunosuppression,23330
2020,10,Oct,9,Nutrition and Blood,312403
2020,10,Oct,10,Musculoskeletal & Joint Diseases,184034
2020,10,Oct,11,Eye,92350
2020,10,Oct,12,"Ear, Nose and Oropharynx",69571
2020,10,Oct,13,Skin,150147
2020,10,Oct,14,Immunological Products & Vaccines,1194
2020,10,Oct,15,Anaesthesia,7332
2020,10,Oct,19,Other Drugs and Preparations,5097
2020,10,Oct,20,Dressings,18001
2020,10,Oct,21,Appliances,149333
2020,10,Oct,22,Incontinence Appliances,2601
2020,10,Oct,23,Stoma Appliances,14950
2020,9,Sep,1,Gastro-Intestinal System,595458
2020,9,Sep,2,Cardiovascular System,1820182
2020,9,Sep,3,Respiratory System,496151
2020,9,Sep,4,Central Nervous System,1355654
2020,9,Sep,5,Infections,175640
2020,9,Sep,6,Endocrine System,636556
2020,9,Sep,7,"Obstetrics,Gynae+Urinary Tract Disorders",170848
2020,9,Sep,8,Malignant Disease & Immunosuppression,24314
2020,9,Sep,9,Nutrition and Blood,323562
2020,9,Sep,10,Musculoskeletal & Joint Diseases,190039
2020,9,Sep,11,Eye,97684
2020,9,Sep,12,"Ear, Nose and Oropharynx",74051
2020,9,Sep,13,Skin,156014
2020,9,Sep,14,Immunological Products & Vaccines,1021
2020,9,Sep,15,Anaesthesia,6889
2020,9,Sep,19,Other Drugs and Preparations,5249
2020,9,Sep,20,Dressings,19348
2020,9,Sep,21,Appliances,154958
2020,9,Sep,22,Incontinence Appliances,2634
2020,9,Sep,23,Stoma Appliances,15210
2020,8,Aug,1,Gastro-Intestinal System,526239
2020,8,Aug,2,Cardiovascular System,1614908
2020,8,Aug,3,Respiratory System,424606
2020,8,Aug,4,Central Nervous System,1205374
2020,8,Aug,5,Infections,141865
2020,8,Aug,6,Endocrine System,558777
2020,8,Aug,7,"Obstetrics,Gynae+Urinary Tract Disorders",149212
2020,8,Aug,8,Malignant Disease & Immunosuppression,21719
2020,8,Aug,9,Nutrition and Blood,286508
2020,8,Aug,10,Musculoskeletal & Joint Diseases,166431
2020,8,Aug,11,Eye,87511
2020,8,Aug,12,"Ear, Nose and Oropharynx",65727
2020,8,Aug,13,Skin,135449
2020,8,Aug,14,Immunological Products & Vaccines,952
2020,8,Aug,15,Anaesthesia,5743
2020,8,Aug,19,Other Drugs and Preparations,4744
2020,8,Aug,20,Dressings,17603
2020,8,Aug,21,Appliances,131795
2020,8,Aug,22,Incontinence Appliances,2261
2020,8,Aug,23,Stoma Appliances,13541
2020,7,Jul,1,Gastro-Intestinal System,580088
2020,7,Jul,2,Cardiovascular System,1756082
2020,7,Jul,3,Respiratory System,471617
2020,7,Jul,4,Central Nervous System,1328191
2020,7,Jul,5,Infections,154777
2020,7,Jul,6,Endocrine System,608717
2020,7,Jul,7,"Obstetrics,Gynae+Urinary Tract Disorders",163307
2020,7,Jul,8,Malignant Disease & Immunosuppression,23825
2020,7,Jul,9,Nutrition and Blood,309973
2020,7,Jul,10,Musculoskeletal & Joint Diseases,183977
2020,7,Jul,11,Eye,97786
2020,7,Jul,12,"Ear, Nose and Oropharynx",75164
2020,7,Jul,13,Skin,150434
2020,7,Jul,14,Immunological Products & Vaccines,988
2020,7,Jul,15,Anaesthesia,6613
2020,7,Jul,19,Other Drugs and Preparations,5156
2020,7,Jul,20,Dressings,19047
2020,7,Jul,21,Appliances,145514
2020,7,Jul,22,Incontinence Appliances,2519
2020,7,Jul,23,Stoma Appliances,14572
2020,6,Jun,1,Gastro-Intestinal System,567027
2020,6,Jun,2,Cardiovascular System,1714349
2020,6,Jun,3,Respiratory System,478560
2020,6,Jun,4,Central Nervous System,1290080
2020,6,Jun,5,Infections,151851
2020,6,Jun,6,Endocrine System,593542
2020,6,Jun,7,"Obstetrics,Gynae+Urinary Tract Disorders",157066
2020,6,Jun,8,Malignant Disease & Immunosuppression,23419
2020,6,Jun,9,Nutrition and Blood,302584
2020,6,Jun,10,Musculoskeletal & Joint Diseases,177091
2020,6,Jun,11,Eye,102741
2020,6,Jun,12,"Ear, Nose and Oropharynx",80791
2020,6,Jun,13,Skin,147287
2020,6,Jun,14,Immunological Products & Vaccines,803
2020,6,Jun,15,Anaesthesia,5704
2020,6,Jun,19,Other Drugs and Preparations,5197
2020,6,Jun,20,Dressings,17817
2020,6,Jun,21,Appliances,144292
2020,6,Jun,22,Incontinence Appliances,2399
2020,6,Jun,23,Stoma Appliances,14711
2020,5,May,1,Gastro-Intestinal System,540587
2020,5,May,2,Cardiovascular System,1636967
2020,5,May,3,Respiratory System,459023
2020,5,May,4,Central Nervous System,1223385
2020,5,May,5,Infections,143043
2020,5,May,6,Endocrine System,565439
2020,5,May,7,"Obstetrics,Gynae+Urinary Tract Disorders",146411
2020,5,May,8,Malignant Disease & Immunosuppression,22149
2020,5,May,9,Nutrition and Blood,286024
2020,5,May,10,Musculoskeletal & Joint Diseases,164122
2020,5,May,11,Eye,94613
2020,5,May,12,"Ear, Nose and Oropharynx",71870
2020,5,May,13,Skin,136943
2020,5,May,14,Immunological Products & Vaccines,518
2020,5,May,15,Anaesthesia,5148
2020,5,May,19,Other Drugs and Preparations,4923
2020,5,May,20,Dressings,15160
2020,5,May,21,Appliances,136406
2020,5,May,22,Incontinence Appliances,2374
2020,5,May,23,Stoma Appliances,13425
2020,4,Apr,1,Gastro-Intestinal System,565957
2020,4,Apr,2,Cardiovascular System,1731996
2020,4,Apr,3,Respiratory System,504289
2020,4,Apr,4,Central Nervous System,1291051
2020,4,Apr,5,Infections,162420
2020,4,Apr,6,Endocrine System,601758
2020,4,Apr,7,"Obstetrics,Gynae+Urinary Tract Disorders",152261
2020,4,Apr,8,Malignant Disease & Immunosuppression,23989
2020,4,Apr,9,Nutrition and Blood,300467
2020,4,Apr,10,Musculoskeletal & Joint Diseases,165570
2020,4,Apr,11,Eye,100053
2020,4,Apr,12,"Ear, Nose and Oropharynx",73799
2020,4,Apr,13,Skin,138762
2020,4,Apr,14,Immunological Products & Vaccines,465
2020,4,Apr,15,Anaesthesia,6046
2020,4,Apr,19,Other Drugs and Preparations,5273
2020,4,Apr,20,Dressings,14926
2020,4,Apr,21,Appliances,144297
2020,4,Apr,22,Incontinence Appliances,2544
2020,4,Apr,23,Stoma Appliances,14339
2020,3,Mar,1,Gastro-Intestinal System,653235
2020,3,Mar,2,Cardiovascular System,2042102
2020,3,Mar,3,Respiratory System,660918
2020,3,Mar,4,Central Nervous System,1474908
2020,3,Mar,5,Infections,215908
2020,3,Mar,6,Endocrine System,733067
2020,3,Mar,7,"Obstetrics,Gynae+Urinary Tract Disorders",186085
2020,3,Mar,8,Malignant Disease & Immunosuppression,27534
2020,3,Mar,9,Nutrition and Blood,351685
2020,3,Mar,10,Musculoskeletal & Joint Diseases,199261
2020,3,Mar,11,Eye,115124
2020,3,Mar,12,"Ear, Nose and Oropharynx",84706
2020,3,Mar,13,Skin,172672
2020,3,Mar,14,Immunological Products & Vaccines,1517
2020,3,Mar,15,Anaesthesia,7575
2020,3,Mar,19,Other Drugs and Preparations,6036
2020,3,Mar,20,Dressings,20392
2020,3,Mar,21,Appliances,181475
2020,3,Mar,22,Incontinence Appliances,3049
2020,3,Mar,23,Stoma Appliances,16753
2020,2,Feb,1,Gastro-Intestinal System,526154
2020,2,Feb,2,Cardiovascular System,1629326
2020,2,Feb,3,Respiratory System,420497
2020,2,Feb,4,Central Nervous System,1200203
2020,2,Feb,5,Infections,179762
2020,2,Feb,6,Endocrine System,566644
2020,2,Feb,7,"Obstetrics,Gynae+Urinary Tract Disorders",151923
2020,2,Feb,8,Malignant Disease & Immunosuppression,21684
2020,2,Feb,9,Nutrition and Blood,282229
2020,2,Feb,10,Musculoskeletal & Joint Diseases,169731
2020,2,Feb,11,Eye,91022
2020,2,Feb,12,"Ear, Nose and Oropharynx",68911
2020,2,Feb,13,Skin,151548
2020,2,Feb,14,Immunological Products & Vaccines,2878
2020,2,Feb,15,Anaesthesia,7296
2020,2,Feb,19,Other Drugs and Preparations,4834
2020,2,Feb,20,Dressings,17837
2020,2,Feb,21,Appliances,139043
2020,2,Feb,22,Incontinence Appliances,2284
2020,2,Feb,23,Stoma Appliances,13327
2020,1,Jan,1,Gastro-Intestinal System,593056
2020,1,Jan,2,Cardiovascular System,1816289
2020,1,Jan,3,Respiratory System,478920
2020,1,Jan,4,Central Nervous System,1348431
2020,1,Jan,5,Infections,220474
2020,1,Jan,6,Endocrine System,637968
2020,1,Jan,7,"Obstetrics,Gynae+Urinary Tract Disorders",172941
2020,1,Jan,8,Malignant Disease & Immunosuppression,24562
2020,1,Jan,9,Nutrition and Blood,316793
2020,1,Jan,10,Musculoskeletal & Joint Diseases,191104
2020,1,Jan,11,Eye,101359
2020,1,Jan,12,"Ear, Nose and Oropharynx",80166
2020,1,Jan,13,Skin,171291
2020,1,Jan,14,Immunological Products & Vaccines,3560
2020,1,Jan,15,Anaesthesia,8917
2020,1,Jan,19,Other Drugs and Preparations,5444
2020,1,Jan,20,Dressings,20155
2020,1,Jan,21,Appliances,156624
2020,1,Jan,22,Incontinence Appliances,2641
2020,1,Jan,23,Stoma Appliances,15277
2019,12,Dec,1,Gastro-Intestinal System,587959
2019,12,Dec,2,Cardiovascular System,1836688
2019,12,Dec,3,Respiratory System,479919
2019,12,Dec,4,Central Nervous System,1333749
2019,12,Dec,5,Infections,223554
2019,12,Dec,6,Endocrine System,643973
2019,12,Dec,7,"Obstetrics,Gynae+Urinary Tract Disorders",165731
2019,12,Dec,8,Malignant Disease & Immunosuppression,24343
2019,12,Dec,9,Nutrition and Blood,310984
2019,12,Dec,10,Musculoskeletal & Joint Diseases,185383
2019,12,Dec,11,Eye,101232
2019,12,Dec,12,"Ear, Nose and Oropharynx",75426
2019,12,Dec,13,Skin,149503
2019,12,Dec,14,Immunological Products & Vaccines,2137
2019,12,Dec,15,Anaesthesia,7468
2019,12,Dec,19,Other Drugs and Preparations,5267
2019,12,Dec,20,Dressings,19338
2019,12,Dec,21,Appliances,148966
2019,12,Dec,22,Incontinence Appliances,2555
2019,12,Dec,23,Stoma Appliances,14364
2019,11,Nov,1,Gastro-Intestinal System,561738
2019,11,Nov,2,Cardiovascular System,1732287
2019,11,Nov,3,Respiratory System,453637
2019,11,Nov,4,Central Nervous System,1271924
2019,11,Nov,5,Infections,193677
2019,11,Nov,6,Endocrine System,601798
2019,11,Nov,7,"Obstetrics,Gynae+Urinary Tract Disorders",161010
2019,11,Nov,8,Malignant Disease & Immunosuppression,23318
2019,11,Nov,9,Nutrition and Blood,297575
2019,11,Nov,10,Musculoskeletal & Joint Diseases,182190
2019,11,Nov,11,Eye,96223
2019,11,Nov,12,"Ear, Nose and Oropharynx",72205
2019,11,Nov,13,Skin,156945
2019,11,Nov,14,Immunological Products & Vaccines,2511
2019,11,Nov,15,Anaesthesia,8332
2019,11,Nov,19,Other Drugs and Preparations,5243
2019,11,Nov,20,Dressings,19444
2019,11,Nov,21,Appliances,145182
2019,11,Nov,22,Incontinence Appliances,2320
2019,11,Nov,23,Stoma Appliances,14093
2019,10,Oct,1,Gastro-Intestinal System,609830
2019,10,Oct,2,Cardiovascular System,1874732
2019,10,Oct,3,Respiratory System,490604
2019,10,Oct,4,Central Nervous System,1376256
2019,10,Oct,5,Infections,201307
2019,10,Oct,6,Endocrine System,653652
2019,10,Oct,7,"Obstetrics,Gynae+Urinary Tract Disorders",174163
2019,10,Oct,8,Malignant Disease & Immunosuppression,24998
2019,10,Oct,9,Nutrition and Blood,322682
2019,10,Oct,10,Musculoskeletal & Joint Diseases,197700
2019,10,Oct,11,Eye,104420
2019,10,Oct,12,"Ear, Nose and Oropharynx",77556
2019,10,Oct,13,Skin,168628
2019,10,Oct,14,Immunological Products & Vaccines,3361
2019,10,Oct,15,Anaesthesia,8508
2019,10,Oct,19,Other Drugs and Preparations,5503
2019,10,Oct,20,Dressings,21869
2019,10,Oct,21,Appliances,154750
2019,10,Oct,22,Incontinence Appliances,2772
2019,10,Oct,23,Stoma Appliances,15556
2019,9,Sep,1,Gastro-Intestinal System,568828
2019,9,Sep,2,Cardiovascular System,1758570
2019,9,Sep,3,Respiratory System,458660
2019,9,Sep,4,Central Nervous System,1281943
2019,9,Sep,5,Infections,177641
2019,9,Sep,6,Endocrine System,610275
2019,9,Sep,7,"Obstetrics,Gynae+Urinary Tract Disorders",164057
2019,9,Sep,8,Malignant Disease & Immunosuppression,23438
2019,9,Sep,9,Nutrition and Blood,302020
2019,9,Sep,10,Musculoskeletal & Joint Diseases,186714
2019,9,Sep,11,Eye,99014
2019,9,Sep,12,"Ear, Nose and Oropharynx",72822
2019,9,Sep,13,Skin,157890
2019,9,Sep,14,Immunological Products & Vaccines,3101
2019,9,Sep,15,Anaesthesia,7769
2019,9,Sep,19,Other Drugs and Preparations,5207
2019,9,Sep,20,Dressings,21786
2019,9,Sep,21,Appliances,141796
2019,9,Sep,22,Incontinence Appliances,2371
2019,9,Sep,23,Stoma Appliances,14471
2019,8,Aug,1,Gastro-Intestinal System,567778
2019,8,Aug,2,Cardiovascular System,1772174
2019,8,Aug,3,Respiratory System,455829
2019,8,Aug,4,Central Nervous System,1284633
2019,8,Aug,5,Infections,165791
2019,8,Aug,6,Endocrine System,609293
2019,8,Aug,7,"Obstetrics,Gynae+Urinary Tract Disorders",163591
2019,8,Aug,8,Malignant Disease & Immunosuppression,23807
2019,8,Aug,9,Nutrition and Blood,303640
2019,8,Aug,10,Musculoskeletal & Joint Diseases,186224
2019,8,Aug,11,Eye,100993
2019,8,Aug,12,"Ear, Nose and Oropharynx",73748
2019,8,Aug,13,Skin,155869
2019,8,Aug,14,Immunological Products & Vaccines,3039
2019,8,Aug,15,Anaesthesia,7310
2019,8,Aug,19,Other Drugs and Preparations,5054
2019,8,Aug,20,Dressings,21847
2019,8,Aug,21,Appliances,137551
2019,8,Aug,22,Incontinence Appliances,2479
2019,8,Aug,23,Stoma Appliances,14410
2019,7,Jul,1,Gastro-Intestinal System,615741
2019,7,Jul,2,Cardiovascular System,1931282
2019,7,Jul,3,Respiratory System,523409
2019,7,Jul,4,Central Nervous System,1391082
2019,7,Jul,5,Infections,186893
2019,7,Jul,6,Endocrine System,664711
2019,7,Jul,7,"Obstetrics,Gynae+Urinary Tract Disorders",177860
2019,7,Jul,8,Malignant Disease & Immunosuppression,25785
2019,7,Jul,9,Nutrition and Blood,328224
2019,7,Jul,10,Musculoskeletal & Joint Diseases,204156
2019,7,Jul,11,Eye,118519
2019,7,Jul,12,"Ear, Nose and Oropharynx",90415
2019,7,Jul,13,Skin,178649
2019,7,Jul,14,Immunological Products & Vaccines,3554
2019,7,Jul,15,Anaesthesia,8284
2019,7,Jul,19,Other Drugs and Preparations,5855
2019,7,Jul,20,Dressings,24437
2019,7,Jul,21,Appliances,153081
2019,7,Jul,22,Incontinence Appliances,2539
2019,7,Jul,23,Stoma Appliances,16151
2019,6,Jun,1,Gastro-Intestinal System,530877
2019,6,Jun,2,Cardiovascular System,1656211
2019,6,Jun,3,Respiratory System,445091
2019,6,Jun,4,Central Nervous System,1205208
2019,6,Jun,5,Infections,167821
2019,6,Jun,6,Endocrine System,568739
2019,6,Jun,7,"Obstetrics,Gynae+Urinary Tract Disorders",154171
2019,6,Jun,8,Malignant Disease & Immunosuppression,22143
2019,6,Jun,9,Nutrition and Blood,281289
2019,6,Jun,10,Musculoskeletal & Joint Diseases,176842
2019,6,Jun,11,Eye,100421
2019,6,Jun,12,"Ear, Nose and Oropharynx",77037
2019,6,Jun,13,Skin,152433
2019,6,Jun,14,Immunological Products & Vaccines,2802
2019,6,Jun,15,Anaesthesia,7542
2019,6,Jun,19,Other Drugs and Preparations,4930
2019,6,Jun,20,Dressings,20302
2019,6,Jun,21,Appliances,130860
2019,6,Jun,22,Incontinence Appliances,2127
2019,6,Jun,23,Stoma Appliances,13886
2019,5,May,1,Gastro-Intestinal System,595123
2019,5,May,2,Cardiovascular System,1861923
2019,5,May,3,Respiratory System,492698
2019,5,May,4,Central Nervous System,1347593
2019,5,May,5,Infections,183059
2019,5,May,6,Endocrine System,637635
2019,5,May,7,"Obstetrics,Gynae+Urinary Tract Disorders",172151
2019,5,May,8,Malignant Disease & Immunosuppression,24960
2019,5,May,9,Nutrition and Blood,313224
2019,5,May,10,Musculoskeletal & Joint Diseases,196815
2019,5,May,11,Eye,110084
2019,5,May,12,"Ear, Nose and Oropharynx",84242
2019,5,May,13,Skin,171758
2019,5,May,14,Immunological Products & Vaccines,2906
2019,5,May,15,Anaesthesia,7944
2019,5,May,19,Other Drugs and Preparations,5640
2019,5,May,20,Dressings,21815
2019,5,May,21,Appliances,147163
2019,5,May,22,Incontinence Appliances,2562
2019,5,May,23,Stoma Appliances,15368
2019,4,Apr,1,Gastro-Intestinal System,588233
2019,4,Apr,2,Cardiovascular System,1859430
2019,4,Apr,3,Respiratory System,485902
2019,4,Apr,4,Central Nervous System,1327126
2019,4,Apr,5,Infections,190356
2019,4,Apr,6,Endocrine System,634914
2019,4,Apr,7,"Obstetrics,Gynae+Urinary Tract Disorders",168443
2019,4,Apr,8,Malignant Disease & Immunosuppression,24644
2019,4,Apr,9,Nutrition and Blood,307038
2019,4,Apr,10,Musculoskeletal & Joint Diseases,193709
2019,4,Apr,11,Eye,109033
2019,4,Apr,12,"Ear, Nose and Oropharynx",81631
2019,4,Apr,13,Skin,169423
2019,4,Apr,14,Immunological Products & Vaccines,2620
2019,4,Apr,15,Anaesthesia,7598
2019,4,Apr,19,Other Drugs and Preparations,5515
2019,4,Apr,20,Dressings,21167
2019,4,Apr,21,Appliances,145080
2019,4,Apr,22,Incontinence Appliances,2468
2019,4,Apr,23,Stoma Appliances,15380
2019,3,Mar,1,Gastro-Intestinal System,552460
2019,3,Mar,2,Cardiovascular System,1720111
2019,3,Mar,3,Respiratory System,445563
2019,3,Mar,4,Central Nervous System,1253056
2019,3,Mar,5,Infections,189196
2019,3,Mar,6,Endocrine System,588951
2019,3,Mar,7,"Obstetrics,Gynae+Urinary Tract Disorders",158818
2019,3,Mar,8,Malignant Disease & Immunosuppression,22884
2019,3,Mar,9,Nutrition and Blood,287896
2019,3,Mar,10,Musculoskeletal & Joint Diseases,182794
2019,3,Mar,11,Eye,100073
2019,3,Mar,12,"Ear, Nose and Oropharynx",74822
2019,3,Mar,13,Skin,164738
2019,3,Mar,14,Immunological Products & Vaccines,2939
2019,3,Mar,15,Anaesthesia,7904
2019,3,Mar,19,Other Drugs and Preparations,5152
2019,3,Mar,20,Dressings,20647
2019,3,Mar,21,Appliances,137358
2019,3,Mar,22,Incontinence Appliances,2256
2019,3,Mar,23,Stoma Appliances,13958
2019,2,Feb,1,Gastro-Intestinal System,526302
2019,2,Feb,2,Cardiovascular System,1644347
2019,2,Feb,3,Respiratory System,425568
2019,2,Feb,4,Central Nervous System,1188898
2019,2,Feb,5,Infections,185760
2019,2,Feb,6,Endocrine System,563668
2019,2,Feb,7,"Obstetrics,Gynae+Urinary Tract Disorders",151726
2019,2,Feb,8,Malignant Disease & Immunosuppression,22083
2019,2,Feb,9,Nutrition and Blood,272795
2019,2,Feb,10,Musculoskeletal & Joint Diseases,172984
2019,2,Feb,11,Eye,96128
2019,2,Feb,12,"Ear, Nose and Oropharynx",69644
2019,2,Feb,13,Skin,155327
2019,2,Feb,14,Immunological Products & Vaccines,2901
2019,2,Feb,15,Anaesthesia,7427
2019,2,Feb,19,Other Drugs and Preparations,4961
2019,2,Feb,20,Dressings,19473
2019,2,Feb,21,Appliances,130883
2019,2,Feb,22,Incontinence Appliances,2390
2019,2,Feb,23,Stoma Appliances,13515
2019,1,Jan,1,Gastro-Intestinal System,593304
2019,1,Jan,2,Cardiovascular System,1843486
2019,1,Jan,3,Respiratory System,484919
2019,1,Jan,4,Central Nervous System,1341188
2019,1,Jan,5,Infections,221458
2019,1,Jan,6,Endocrine System,635787
2019,1,Jan,7,"Obstetrics,Gynae+Urinary Tract Disorders",172488
2019,1,Jan,8,Malignant Disease & Immunosuppression,24581
2019,1,Jan,9,Nutrition and Blood,305601
2019,1,Jan,10,Musculoskeletal & Joint Diseases,196114
2019,1,Jan,11,Eye,106064
2019,1,Jan,12,"Ear, Nose and Oropharynx",78255
2019,1,Jan,13,Skin,175924
2019,1,Jan,14,Immunological Products & Vaccines,3520
2019,1,Jan,15,Anaesthesia,8178
2019,1,Jan,19,Other Drugs and Preparations,5791
2019,1,Jan,20,Dressings,21922
2019,1,Jan,21,Appliances,147067
2019,1,Jan,22,Incontinence Appliances,2583
2019,1,Jan,23,Stoma Appliances,15208
2018,12,Dec,1,Gastro-Intestinal System,558057
2018,12,Dec,2,Cardiovascular System,1768863
2018,12,Dec,3,Respiratory System,455350
2018,12,Dec,4,Central Nervous System,1254279
2018,12,Dec,5,Infections,198389
2018,12,Dec,6,Endocrine System,604901
2018,12,Dec,7,"Obstetrics,Gynae+Urinary Tract Disorders",157166
2018,12,Dec,8,Malignant Disease & Immunosuppression,23449
2018,12,Dec,9,Nutrition and Blood,286200
2018,12,Dec,10,Musculoskeletal & Joint Diseases,180540
2018,12,Dec,11,Eye,100888
2018,12,Dec,12,"Ear, Nose and Oropharynx",69073
2018,12,Dec,13,Skin,145746
2018,12,Dec,14,Immunological Products & Vaccines,2130
2018,12,Dec,15,Anaesthesia,6688
2018,12,Dec,19,Other Drugs and Preparations,5187
2018,12,Dec,20,Dressings,20168
2018,12,Dec,21,Appliances,130527
2018,12,Dec,22,Incontinence Appliances,2626
2018,12,Dec,23,Stoma Appliances,14210
2018,11,Nov,1,Gastro-Intestinal System,568807
2018,11,Nov,2,Cardiovascular System,1785891
2018,11,Nov,3,Respiratory System,460694
2018,11,Nov,4,Central Nervous System,1287561
2018,11,Nov,5,Infections,196126
2018,11,Nov,6,Endocrine System,608238
2018,11,Nov,7,"Obstetrics,Gynae+Urinary Tract Disorders",163531
2018,11,Nov,8,Malignant Disease & Immunosuppression,23674
2018,11,Nov,9,Nutrition and Blood,294048
2018,11,Nov,10,Musculoskeletal & Joint Diseases,191459
2018,11,Nov,11,Eye,102651
2018,11,Nov,12,"Ear, Nose and Oropharynx",72175
2018,11,Nov,13,Skin,164530
2018,11,Nov,14,Immunological Products & Vaccines,2900
2018,11,Nov,15,Anaesthesia,7840
2018,11,Nov,19,Other Drugs and Preparations,5507
2018,11,Nov,20,Dressings,21665
2018,11,Nov,21,Appliances,137531
2018,11,Nov,22,Incontinence Appliances,2701
2018,11,Nov,23,Stoma Appliances,15035
2018,10,Oct,1,Gastro-Intestinal System,597023
2018,10,Oct,2,Cardiovascular System,1879208
2018,10,Oct,3,Respiratory System,486951
2018,10,Oct,4,Central Nervous System,1345714
2018,10,Oct,5,Infections,203743
2018,10,Oct,6,Endocrine System,637925
2018,10,Oct,7,"Obstetrics,Gynae+Urinary Tract Disorders",172201
2018,10,Oct,8,Malignant Disease & Immunosuppression,24996
2018,10,Oct,9,Nutrition and Blood,308040
2018,10,Oct,10,Musculoskeletal & Joint Diseases,199893
2018,10,Oct,11,Eye,108302
2018,10,Oct,12,"Ear, Nose and Oropharynx",75767
2018,10,Oct,13,Skin,171637
2018,10,Oct,14,Immunological Products & Vaccines,3378
2018,10,Oct,15,Anaesthesia,7684
2018,10,Oct,19,Other Drugs and Preparations,5771
2018,10,Oct,20,Dressings,23709
2018,10,Oct,21,Appliances,140874
2018,10,Oct,22,Incontinence Appliances,2832
2018,10,Oct,23,Stoma Appliances,15343
2018,9,Sep,1,Gastro-Intestinal System,517053
2018,9,Sep,2,Cardiovascular System,1627031
2018,9,Sep,3,Respiratory System,422302
2018,9,Sep,4,Central Nervous System,1164929
2018,9,Sep,5,Infections,170994
2018,9,Sep,6,Endocrine System,551851
2018,9,Sep,7,"Obstetrics,Gynae+Urinary Tract Disorders",150401
2018,9,Sep,8,Malignant Disease & Immunosuppression,21558
2018,9,Sep,9,Nutrition and Blood,267462
2018,9,Sep,10,Musculoskeletal & Joint Diseases,175186
2018,9,Sep,11,Eye,95134
2018,9,Sep,12,"Ear, Nose and Oropharynx",66219
2018,9,Sep,13,Skin,150401
2018,9,Sep,14,Immunological Products & Vaccines,2907
2018,9,Sep,15,Anaesthesia,6829
2018,9,Sep,19,Other Drugs and Preparations,4671
2018,9,Sep,20,Dressings,22158
2018,9,Sep,21,Appliances,120071
2018,9,Sep,22,Incontinence Appliances,2509
2018,9,Sep,23,Stoma Appliances,13903
2018,8,Aug,1,Gastro-Intestinal System,573016
2018,8,Aug,2,Cardiovascular System,1815663
2018,8,Aug,3,Respiratory System,461320
2018,8,Aug,4,Central Nervous System,1289671
2018,8,Aug,5,Infections,175577
2018,8,Aug,6,Endocrine System,610992
2018,8,Aug,7,"Obstetrics,Gynae+Urinary Tract Disorders",164952
2018,8,Aug,8,Malignant Disease & Immunosuppression,23965
2018,8,Aug,9,Nutrition and Blood,296949
2018,8,Aug,10,Musculoskeletal & Joint Diseases,191235
2018,8,Aug,11,Eye,107348
2018,8,Aug,12,"Ear, Nose and Oropharynx",73480
2018,8,Aug,13,Skin,161274
2018,8,Aug,14,Immunological Products & Vaccines,3031
2018,8,Aug,15,Anaesthesia,6942
2018,8,Aug,19,Other Drugs and Preparations,3504
2018,8,Aug,20,Dressings,25828
2018,8,Aug,21,Appliances,127435
2018,8,Aug,22,Incontinence Appliances,2746
2018,8,Aug,23,Stoma Appliances,14754
2018,7,Jul,1,Gastro-Intestinal System,571597
2018,7,Jul,2,Cardiovascular System,1825168
2018,7,Jul,3,Respiratory System,489334
2018,7,Jul,4,Central Nervous System,1280656
2018,7,Jul,5,Infections,180662
2018,7,Jul,6,Endocrine System,614665
2018,7,Jul,7,"Obstetrics,Gynae+Urinary Tract Disorders",166478
2018,7,Jul,8,Malignant Disease & Immunosuppression,23890
2018,7,Jul,9,Nutrition and Blood,296472
2018,7,Jul,10,Musculoskeletal & Joint Diseases,192381
2018,7,Jul,11,Eye,115236
2018,7,Jul,12,"Ear, Nose and Oropharynx",81444
2018,7,Jul,13,Skin,170235
2018,7,Jul,14,Immunological Products & Vaccines,3224
2018,7,Jul,15,Anaesthesia,7270
2018,7,Jul,19,Other Drugs and Preparations,2921
2018,7,Jul,20,Dressings,27984
2018,7,Jul,21,Appliances,132479
2018,7,Jul,22,Incontinence Appliances,2699
2018,7,Jul,23,Stoma Appliances,15758
2018,6,Jun,1,Gastro-Intestinal System,535785
2018,6,Jun,2,Cardiovascular System,1699417
2018,6,Jun,3,Respiratory System,480891
2018,6,Jun,4,Central Nervous System,1204536
2018,6,Jun,5,Infections,175759
2018,6,Jun,6,Endocrine System,574867
2018,6,Jun,7,"Obstetrics,Gynae+Urinary Tract Disorders",156594
2018,6,Jun,8,Malignant Disease & Immunosuppression,22361
2018,6,Jun,9,Nutrition and Blood,276184
2018,6,Jun,10,Musculoskeletal & Joint Diseases,183068
2018,6,Jun,11,Eye,119077
2018,6,Jun,12,"Ear, Nose and Oropharynx",88383
2018,6,Jun,13,Skin,165585
2018,6,Jun,14,Immunological Products & Vaccines,3124
2018,6,Jun,15,Anaesthesia,7251
2018,6,Jun,19,Other Drugs and Preparations,2703
2018,6,Jun,20,Dressings,24666
2018,6,Jun,21,Appliances,125064
2018,6,Jun,22,Incontinence Appliances,2396
2018,6,Jun,23,Stoma Appliances,13600
2018,5,May,1,Gastro-Intestinal System,580524
2018,5,May,2,Cardiovascular System,1849352
2018,5,May,3,Respiratory System,496507
2018,5,May,4,Central Nervous System,1302299
2018,5,May,5,Infections,190359
2018,5,May,6,Endocrine System,621332
2018,5,May,7,"Obstetrics,Gynae+Urinary Tract Disorders",167680
2018,5,May,8,Malignant Disease & Immunosuppression,23985
2018,5,May,9,Nutrition and Blood,297113
2018,5,May,10,Musculoskeletal & Joint Diseases,195727
2018,5,May,11,Eye,118173
2018,5,May,12,"Ear, Nose and Oropharynx",84419
2018,5,May,13,Skin,177378
2018,5,May,14,Immunological Products & Vaccines,2976
2018,5,May,15,Anaesthesia,7734
2018,5,May,19,Other Drugs and Preparations,2884
2018,5,May,20,Dressings,25323
2018,5,May,21,Appliances,134149
2018,5,May,22,Incontinence Appliances,2766
2018,5,May,23,Stoma Appliances,13984
2018,4,Apr,1,Gastro-Intestinal System,545857
2018,4,Apr,2,Cardiovascular System,1732876
2018,4,Apr,3,Respiratory System,449922
2018,4,Apr,4,Central Nervous System,1217363
2018,4,Apr,5,Infections,186480
2018,4,Apr,6,Endocrine System,580315
2018,4,Apr,7,"Obstetrics,Gynae+Urinary Tract Disorders",157548
2018,4,Apr,8,Malignant Disease & Immunosuppression,22628
2018,4,Apr,9,Nutrition and Blood,277150
2018,4,Apr,10,Musculoskeletal & Joint Diseases,184410
2018,4,Apr,11,Eye,107547
2018,4,Apr,12,"Ear, Nose and Oropharynx",74848
2018,4,Apr,13,Skin,165667
2018,4,Apr,14,Immunological Products & Vaccines,2677
2018,4,Apr,15,Anaesthesia,7124
2018,4,Apr,19,Other Drugs and Preparations,2800
2018,4,Apr,20,Dressings,23500
2018,4,Apr,21,Appliances,124576
2018,4,Apr,22,Incontinence Appliances,2637
2018,4,Apr,23,Stoma Appliances,14016
2018,3,Mar,1,Gastro-Intestinal System,533816
2018,3,Mar,2,Cardiovascular System,1703458
2018,3,Mar,3,Respiratory System,432147
2018,3,Mar,4,Central Nervous System,1200050
2018,3,Mar,5,Infections,196499
2018,3,Mar,6,Endocrine System,569341
2018,3,Mar,7,"Obstetrics,Gynae+Urinary Tract Disorders",151458
2018,3,Mar,8,Malignant Disease & Immunosuppression,22434
2018,3,Mar,9,Nutrition and Blood,269593
2018,3,Mar,10,Musculoskeletal & Joint Diseases,177781
2018,3,Mar,11,Eye,102869
2018,3,Mar,12,"Ear, Nose and Oropharynx",69836
2018,3,Mar,13,Skin,162172
2018,3,Mar,14,Immunological Products & Vaccines,2296
2018,3,Mar,15,Anaesthesia,7165
2018,3,Mar,19,Other Drugs and Preparations,2778
2018,3,Mar,20,Dressings,22169
2018,3,Mar,21,Appliances,121560
2018,3,Mar,22,Incontinence Appliances,2590
2018,3,Mar,23,Stoma Appliances,13912
2018,2,Feb,1,Gastro-Intestinal System,506138
2018,2,Feb,2,Cardiovascular System,1606952
2018,2,Feb,3,Respiratory System,414237
2018,2,Feb,4,Central Nervous System,1136637
2018,2,Feb,5,Infections,200878
2018,2,Feb,6,Endocrine System,539213
2018,2,Feb,7,"Obstetrics,Gynae+Urinary Tract Disorders",145308
2018,2,Feb,8,Malignant Disease & Immunosuppression,21032
2018,2,Feb,9,Nutrition and Blood,253589
2018,2,Feb,10,Musculoskeletal & Joint Diseases,170151
2018,2,Feb,11,Eye,99062
2018,2,Feb,12,"Ear, Nose and Oropharynx",68191
2018,2,Feb,13,Skin,158333
2018,2,Feb,14,Immunological Products & Vaccines,2818
2018,2,Feb,15,Anaesthesia,6855
2018,2,Feb,19,Other Drugs and Preparations,2714
2018,2,Feb,20,Dressings,21517
2018,2,Feb,21,Appliances,115809
2018,2,Feb,22,Incontinence Appliances,2430
2018,2,Feb,23,Stoma Appliances,12902
2018,1,Jan,1,Gastro-Intestinal System,569480
2018,1,Jan,2,Cardiovascular System,1794812
2018,1,Jan,3,Respiratory System,470607
2018,1,Jan,4,Central Nervous System,1276607
2018,1,Jan,5,Infections,236143
2018,1,Jan,6,Endocrine System,606770
2018,1,Jan,7,"Obstetrics,Gynae+Urinary Tract Disorders",164196
2018,1,Jan,8,Malignant Disease & Immunosuppression,23599
2018,1,Jan,9,Nutrition and Blood,282321
2018,1,Jan,10,Musculoskeletal & Joint Diseases,189784
2018,1,Jan,11,Eye,109539
2018,1,Jan,12,"Ear, Nose and Oropharynx",76530
2018,1,Jan,13,Skin,175022
2018,1,Jan,14,Immunological Products & Vaccines,3306
2018,1,Jan,15,Anaesthesia,7504
2018,1,Jan,19,Other Drugs and Preparations,2973
2018,1,Jan,20,Dressings,23917
2018,1,Jan,21,Appliances,126897
2018,1,Jan,22,Incontinence Appliances,2790
2018,1,Jan,23,Stoma Appliances,14877
2017,12,Dec,1,Gastro-Intestinal System,521266
2017,12,Dec,2,Cardiovascular System,1663732
2017,12,Dec,3,Respiratory System,436534
2017,12,Dec,4,Central Nervous System,1166174
2017,12,Dec,5,Infections,210076
2017,12,Dec,6,Endocrine System,560736
2017,12,Dec,7,"Obstetrics,Gynae+Urinary Tract Disorders",146226
2017,12,Dec,8,Malignant Disease & Immunosuppression,21614
2017,12,Dec,9,Nutrition and Blood,257528
2017,12,Dec,10,Musculoskeletal & Joint Diseases,171434
2017,12,Dec,11,Eye,101702
2017,12,Dec,12,"Ear, Nose and Oropharynx",67191
2017,12,Dec,13,Skin,147749
2017,12,Dec,14,Immunological Products & Vaccines,1843
2017,12,Dec,15,Anaesthesia,6412
2017,12,Dec,19,Other Drugs and Preparations,2603
2017,12,Dec,20,Dressings,21860
2017,12,Dec,21,Appliances,112463
2017,12,Dec,22,Incontinence Appliances,2456
2017,12,Dec,23,Stoma Appliances,12864
2017,11,Nov,1,Gastro-Intestinal System,541970
2017,11,Nov,2,Cardiovascular System,1713319
2017,11,Nov,3,Respiratory System,445758
2017,11,Nov,4,Central Nervous System,1214683
2017,11,Nov,5,Infections,199877
2017,11,Nov,6,Endocrine System,573021
2017,11,Nov,7,"Obstetrics,Gynae+Urinary Tract Disorders",154029
2017,11,Nov,8,Malignant Disease & Immunosuppression,22563
2017,11,Nov,9,Nutrition and Blood,269903
2017,11,Nov,10,Musculoskeletal & Joint Diseases,184688
2017,11,Nov,11,Eye,105603
2017,11,Nov,12,"Ear, Nose and Oropharynx",70519
2017,11,Nov,13,Skin,168925
2017,11,Nov,14,Immunological Products & Vaccines,2439
2017,11,Nov,15,Anaesthesia,7444
2017,11,Nov,19,Other Drugs and Preparations,2813
2017,11,Nov,20,Dressings,24255
2017,11,Nov,21,Appliances,119809
2017,11,Nov,22,Incontinence Appliances,2664
2017,11,Nov,23,Stoma Appliances,13947
2017,10,Oct,1,Gastro-Intestinal System,545822
2017,10,Oct,2,Cardiovascular System,1733565
2017,10,Oct,3,Respiratory System,444817
2017,10,Oct,4,Central Nervous System,1219495
2017,10,Oct,5,Infections,197019
2017,10,Oct,6,Endocrine System,578310
2017,10,Oct,7,"Obstetrics,Gynae+Urinary Tract Disorders",156098
2017,10,Oct,8,Malignant Disease & Immunosuppression,22520
2017,10,Oct,9,Nutrition and Blood,270473
2017,10,Oct,10,Musculoskeletal & Joint Diseases,186240
2017,10,Oct,11,Eye,106722
2017,10,Oct,12,"Ear, Nose and Oropharynx",70903
2017,10,Oct,13,Skin,164494
2017,10,Oct,14,Immunological Products & Vaccines,2772
2017,10,Oct,15,Anaesthesia,7438
2017,10,Oct,19,Other Drugs and Preparations,2717
2017,10,Oct,20,Dressings,24813
2017,10,Oct,21,Appliances,116463
2017,10,Oct,22,Incontinence Appliances,2750
2017,10,Oct,23,Stoma Appliances,14145
2017,9,Sep,1,Gastro-Intestinal System,508504
2017,9,Sep,2,Cardiovascular System,1603924
2017,9,Sep,3,Respiratory System,414959
2017,9,Sep,4,Central Nervous System,1137137
2017,9,Sep,5,Infections,178158
2017,9,Sep,6,Endocrine System,533186
2017,9,Sep,7,"Obstetrics,Gynae+Urinary Tract Disorders",146400
2017,9,Sep,8,Malignant Disease & Immunosuppression,21077
2017,9,Sep,9,Nutrition and Blood,250284
2017,9,Sep,10,Musculoskeletal & Joint Diseases,175768
2017,9,Sep,11,Eye,99197
2017,9,Sep,12,"Ear, Nose and Oropharynx",66408
2017,9,Sep,13,Skin,155265
2017,9,Sep,14,Immunological Products & Vaccines,2704
2017,9,Sep,15,Anaesthesia,6874
2017,9,Sep,19,Other Drugs and Preparations,2539
2017,9,Sep,20,Dressings,24552
2017,9,Sep,21,Appliances,107422
2017,9,Sep,22,Incontinence Appliances,2539
2017,9,Sep,23,Stoma Appliances,13587
2017,8,Aug,1,Gastro-Intestinal System,547620
2017,8,Aug,2,Cardiovascular System,1747847
2017,8,Aug,3,Respiratory System,442134
2017,8,Aug,4,Central Nervous System,1218303
2017,8,Aug,5,Infections,180453
2017,8,Aug,6,Endocrine System,573202
2017,8,Aug,7,"Obstetrics,Gynae+Urinary Tract Disorders",155624
2017,8,Aug,8,Malignant Disease & Immunosuppression,22462
2017,8,Aug,9,Nutrition and Blood,268942
2017,8,Aug,10,Musculoskeletal & Joint Diseases,186238
2017,8,Aug,11,Eye,108812
2017,8,Aug,12,"Ear, Nose and Oropharynx",71187
2017,8,Aug,13,Skin,162156
2017,8,Aug,14,Immunological Products & Vaccines,2898
2017,8,Aug,15,Anaesthesia,6737
2017,8,Aug,19,Other Drugs and Preparations,2634
2017,8,Aug,20,Dressings,26088
2017,8,Aug,21,Appliances,110823
2017,8,Aug,22,Incontinence Appliances,2701
2017,8,Aug,23,Stoma Appliances,14034
2017,7,Jul,1,Gastro-Intestinal System,519042
2017,7,Jul,2,Cardiovascular System,1660837
2017,7,Jul,3,Respiratory System,437343
2017,7,Jul,4,Central Nervous System,1154096
2017,7,Jul,5,Infections,176663
2017,7,Jul,6,Endocrine System,546348
2017,7,Jul,7,"Obstetrics,Gynae+Urinary Tract Disorders",148427
2017,7,Jul,8,Malignant Disease & Immunosuppression,21491
2017,7,Jul,9,Nutrition and Blood,254454
2017,7,Jul,10,Musculoskeletal & Joint Diseases,177763
2017,7,Jul,11,Eye,108827
2017,7,Jul,12,"Ear, Nose and Oropharynx",73838
2017,7,Jul,13,Skin,159443
2017,7,Jul,14,Immunological Products & Vaccines,2960
2017,7,Jul,15,Anaesthesia,6692
2017,7,Jul,19,Other Drugs and Preparations,2607
2017,7,Jul,20,Dressings,25977
2017,7,Jul,21,Appliances,107975
2017,7,Jul,22,Incontinence Appliances,2656
2017,7,Jul,23,Stoma Appliances,13786
2017,6,Jun,1,Gastro-Intestinal System,525583
2017,6,Jun,2,Cardiovascular System,1668627
2017,6,Jun,3,Respiratory System,454865
2017,6,Jun,4,Central Nervous System,1171765
2017,6,Jun,5,Infections,182308
2017,6,Jun,6,Endocrine System,548248
2017,6,Jun,7,"Obstetrics,Gynae+Urinary Tract Disorders",151186
2017,6,Jun,8,Malignant Disease & Immunosuppression,21828
2017,6,Jun,9,Nutrition and Blood,257649
2017,6,Jun,10,Musculoskeletal & Joint Diseases,181103
2017,6,Jun,11,Eye,117469
2017,6,Jun,12,"Ear, Nose and Oropharynx",80781
2017,6,Jun,13,Skin,169227
2017,6,Jun,14,Immunological Products & Vaccines,3049
2017,6,Jun,15,Anaesthesia,7139
2017,6,Jun,19,Other Drugs and Preparations,2679
2017,6,Jun,20,Dressings,25294
2017,6,Jun,21,Appliances,110776
2017,6,Jun,22,Incontinence Appliances,2499
2017,6,Jun,23,Stoma Appliances,13790
2017,5,May,1,Gastro-Intestinal System,540974
2017,5,May,2,Cardiovascular System,1734754
2017,5,May,3,Respiratory System,455055
2017,5,May,4,Central Nervous System,1206244
2017,5,May,5,Infections,190229
2017,5,May,6,Endocrine System,567601
2017,5,May,7,"Obstetrics,Gynae+Urinary Tract Disorders",154533
2017,5,May,8,Malignant Disease & Immunosuppression,22313
2017,5,May,9,Nutrition and Blood,262449
2017,5,May,10,Musculoskeletal & Joint Diseases,187296
2017,5,May,11,Eye,113700
2017,5,May,12,"Ear, Nose and Oropharynx",77816
2017,5,May,13,Skin,174220
2017,5,May,14,Immunological Products & Vaccines,2871
2017,5,May,15,Anaesthesia,7164
2017,5,May,19,Other Drugs and Preparations,2561
2017,5,May,20,Dressings,24843
2017,5,May,21,Appliances,116041
2017,5,May,22,Incontinence Appliances,2540
2017,5,May,23,Stoma Appliances,13948
2017,4,Apr,1,Gastro-Intestinal System,485837
2017,4,Apr,2,Cardiovascular System,1557900
2017,4,Apr,3,Respiratory System,404109
2017,4,Apr,4,Central Nervous System,1081756
2017,4,Apr,5,Infections,173045
2017,4,Apr,6,Endocrine System,507081
2017,4,Apr,7,"Obstetrics,Gynae+Urinary Tract Disorders",138159
2017,4,Apr,8,Malignant Disease & Immunosuppression,20057
2017,4,Apr,9,Nutrition and Blood,232493
2017,4,Apr,10,Musculoskeletal & Joint Diseases,165869
2017,4,Apr,11,Eye,101261
2017,4,Apr,12,"Ear, Nose and Oropharynx",67896
2017,4,Apr,13,Skin,156374
2017,4,Apr,14,Immunological Products & Vaccines,2429
2017,4,Apr,15,Anaesthesia,5941
2017,4,Apr,19,Other Drugs and Preparations,2155
2017,4,Apr,20,Dressings,21364
2017,4,Apr,21,Appliances,102642
2017,4,Apr,22,Incontinence Appliances,2306
2017,4,Apr,23,Stoma Appliances,12249
2017,3,Mar,1,Gastro-Intestinal System,544551
2017,3,Mar,2,Cardiovascular System,1719534
2017,3,Mar,3,Respiratory System,438578
2017,3,Mar,4,Central Nervous System,1211722
2017,3,Mar,5,Infections,207559
2017,3,Mar,6,Endocrine System,561393
2017,3,Mar,7,"Obstetrics,Gynae+Urinary Tract Disorders",154991
2017,3,Mar,8,Malignant Disease & Immunosuppression,22160
2017,3,Mar,9,Nutrition and Blood,260119
2017,3,Mar,10,Musculoskeletal & Joint Diseases,189489
2017,3,Mar,11,Eye,110577
2017,3,Mar,12,"Ear, Nose and Oropharynx",73509
2017,3,Mar,13,Skin,179561
2017,3,Mar,14,Immunological Products & Vaccines,3133
2017,3,Mar,15,Anaesthesia,7939
2017,3,Mar,19,Other Drugs and Preparations,2470
2017,3,Mar,20,Dressings,25450
2017,3,Mar,21,Appliances,116528
2017,3,Mar,22,Incontinence Appliances,2568
2017,3,Mar,23,Stoma Appliances,14162
2017,2,Feb,1,Gastro-Intestinal System,473013
2017,2,Feb,2,Cardiovascular System,1505033
2017,2,Feb,3,Respiratory System,378072
2017,2,Feb,4,Central Nervous System,1048826
2017,2,Feb,5,Infections,184716
2017,2,Feb,6,Endocrine System,490495
2017,2,Feb,7,"Obstetrics,Gynae+Urinary Tract Disorders",133818
2017,2,Feb,8,Malignant Disease & Immunosuppression,19223
2017,2,Feb,9,Nutrition and Blood,223691
2017,2,Feb,10,Musculoskeletal & Joint Diseases,162905
2017,2,Feb,11,Eye,94932
2017,2,Feb,12,"Ear, Nose and Oropharynx",61876
2017,2,Feb,13,Skin,151935
2017,2,Feb,14,Immunological Products & Vaccines,2785
2017,2,Feb,15,Anaesthesia,6489
2017,2,Feb,19,Other Drugs and Preparations,1999
2017,2,Feb,20,Dressings,21604
2017,2,Feb,21,Appliances,100308
2017,2,Feb,22,Incontinence Appliances,2133
2017,2,Feb,23,Stoma Appliances,12122
2017,1,Jan,1,Gastro-Intestinal System,513741
2017,1,Jan,2,Cardiovascular System,1627436
2017,1,Jan,3,Respiratory System,416226
2017,1,Jan,4,Central Nervous System,1138722
2017,1,Jan,5,Infections,211236
2017,1,Jan,6,Endocrine System,535144
2017,1,Jan,7,"Obstetrics,Gynae+Urinary Tract Disorders",147575
2017,1,Jan,8,Malignant Disease & Immunosuppression,20848
2017,1,Jan,9,Nutrition and Blood,239793
2017,1,Jan,10,Musculoskeletal & Joint Diseases,177758
2017,1,Jan,11,Eye,100300
2017,1,Jan,12,"Ear, Nose and Oropharynx",67421
2017,1,Jan,13,Skin,165682
2017,1,Jan,14,Immunological Products & Vaccines,3221
2017,1,Jan,15,Anaesthesia,7032
2017,1,Jan,19,Other Drugs and Preparations,2057
2017,1,Jan,20,Dressings,24402
2017,1,Jan,21,Appliances,108498
2017,1,Jan,22,Incontinence Appliances,2437
2017,1,Jan,23,Stoma Appliances,12927
2016,12,Dec,1,Gastro-Intestinal System,507975
2016,12,Dec,2,Cardiovascular System,1621031
2016,12,Dec,3,Respiratory System,417963
2016,12,Dec,4,Central Nervous System,1120989
2016,12,Dec,5,Infections,214695
2016,12,Dec,6,Endocrine System,534042
2016,12,Dec,7,"Obstetrics,Gynae+Urinary Tract Disorders",140874
2016,12,Dec,8,Malignant Disease & Immunosuppression,20601
2016,12,Dec,9,Nutrition and Blood,235552
2016,12,Dec,10,Musculoskeletal & Joint Diseases,171799
2016,12,Dec,11,Eye,99634
2016,12,Dec,12,"Ear, Nose and Oropharynx",64562
2016,12,Dec,13,Skin,150685
2016,12,Dec,14,Immunological Products & Vaccines,2194
2016,12,Dec,15,Anaesthesia,6064
2016,12,Dec,19,Other Drugs and Preparations,1898
2016,12,Dec,20,Dressings,24289
2016,12,Dec,21,Appliances,102693
2016,12,Dec,22,Incontinence Appliances,2523
2016,12,Dec,23,Stoma Appliances,12337
2016,11,Nov,1,Gastro-Intestinal System,517564
2016,11,Nov,2,Cardiovascular System,1653237
2016,11,Nov,3,Respiratory System,421786
2016,11,Nov,4,Central Nervous System,1146053
2016,11,Nov,5,Infections,200724
2016,11,Nov,6,Endocrine System,538282
2016,11,Nov,7,"Obstetrics,Gynae+Urinary Tract Disorders",146049
2016,11,Nov,8,Malignant Disease & Immunosuppression,20945
2016,11,Nov,9,Nutrition and Blood,241131
2016,11,Nov,10,Musculoskeletal & Joint Diseases,180231
2016,11,Nov,11,Eye,101698
2016,11,Nov,12,"Ear, Nose and Oropharynx",66524
2016,11,Nov,13,Skin,166886
2016,11,Nov,14,Immunological Products & Vaccines,2647
2016,11,Nov,15,Anaesthesia,6925
2016,11,Nov,19,Other Drugs and Preparations,2065
2016,11,Nov,20,Dressings,25494
2016,11,Nov,21,Appliances,108671
2016,11,Nov,22,Incontinence Appliances,2501
2016,11,Nov,23,Stoma Appliances,12959
2016,10,Oct,1,Gastro-Intestinal System,489848
2016,10,Oct,2,Cardiovascular System,1572533
2016,10,Oct,3,Respiratory System,398611
2016,10,Oct,4,Central Nervous System,1084719
2016,10,Oct,5,Infections,186457
2016,10,Oct,6,Endocrine System,511962
2016,10,Oct,7,"Obstetrics,Gynae+Urinary Tract Disorders",138733
2016,10,Oct,8,Malignant Disease & Immunosuppression,19931
2016,10,Oct,9,Nutrition and Blood,229832
2016,10,Oct,10,Musculoskeletal & Joint Diseases,171523
2016,10,Oct,11,Eye,97167
2016,10,Oct,12,"Ear, Nose and Oropharynx",62674
2016,10,Oct,13,Skin,156348
2016,10,Oct,14,Immunological Products & Vaccines,2883
2016,10,Oct,15,Anaesthesia,6453
2016,10,Oct,19,Other Drugs and Preparations,1969
2016,10,Oct,20,Dressings,25433
2016,10,Oct,21,Appliances,99660
2016,10,Oct,22,Incontinence Appliances,2487
2016,10,Oct,23,Stoma Appliances,12289
2016,9,Sep,1,Gastro-Intestinal System,510209
2016,9,Sep,2,Cardiovascular System,1627339
2016,9,Sep,3,Respiratory System,414744
2016,9,Sep,4,Central Nervous System,1127208
2016,9,Sep,5,Infections,181017
2016,9,Sep,6,Endocrine System,526564
2016,9,Sep,7,"Obstetrics,Gynae+Urinary Tract Disorders",145940
2016,9,Sep,8,Malignant Disease & Immunosuppression,20731
2016,9,Sep,9,Nutrition and Blood,238665
2016,9,Sep,10,Musculoskeletal & Joint Diseases,182061
2016,9,Sep,11,Eye,102322
2016,9,Sep,12,"Ear, Nose and Oropharynx",66292
2016,9,Sep,13,Skin,165209
2016,9,Sep,14,Immunological Products & Vaccines,3072
2016,9,Sep,15,Anaesthesia,6659
2016,9,Sep,19,Other Drugs and Preparations,1997
2016,9,Sep,20,Dressings,28584
2016,9,Sep,21,Appliances,101904
2016,9,Sep,22,Incontinence Appliances,2492
2016,9,Sep,23,Stoma Appliances,12973
2016,8,Aug,1,Gastro-Intestinal System,527126
2016,8,Aug,2,Cardiovascular System,1704432
2016,8,Aug,3,Respiratory System,426220
2016,8,Aug,4,Central Nervous System,1158707
2016,8,Aug,5,Infections,175587
2016,8,Aug,6,Endocrine System,548612
2016,8,Aug,7,"Obstetrics,Gynae+Urinary Tract Disorders",148624
2016,8,Aug,8,Malignant Disease & Immunosuppression,21345
2016,8,Aug,9,Nutrition and Blood,245092
2016,8,Aug,10,Musculoskeletal & Joint Diseases,186407
2016,8,Aug,11,Eye,107157
2016,8,Aug,12,"Ear, Nose and Oropharynx",69268
2016,8,Aug,13,Skin,166779
2016,8,Aug,14,Immunological Products & Vaccines,3127
2016,8,Aug,15,Anaesthesia,6312
2016,8,Aug,19,Other Drugs and Preparations,2031
2016,8,Aug,20,Dressings,30209
2016,8,Aug,21,Appliances,102045
2016,8,Aug,22,Incontinence Appliances,2780
2016,8,Aug,23,Stoma Appliances,13480
2016,7,Jul,1,Gastro-Intestinal System,487039
2016,7,Jul,2,Cardiovascular System,1566766
2016,7,Jul,3,Respiratory System,412711
2016,7,Jul,4,Central Nervous System,1075533
2016,7,Jul,5,Infections,176693
2016,7,Jul,6,Endocrine System,508132
2016,7,Jul,7,"Obstetrics,Gynae+Urinary Tract Disorders",137818
2016,7,Jul,8,Malignant Disease & Immunosuppression,19868
2016,7,Jul,9,Nutrition and Blood,226839
2016,7,Jul,10,Musculoskeletal & Joint Diseases,175124
2016,7,Jul,11,Eye,104589
2016,7,Jul,12,"Ear, Nose and Oropharynx",70083
2016,7,Jul,13,Skin,158700
2016,7,Jul,14,Immunological Products & Vaccines,3002
2016,7,Jul,15,Anaesthesia,6307
2016,7,Jul,19,Other Drugs and Preparations,1924
2016,7,Jul,20,Dressings,29080
2016,7,Jul,21,Appliances,96907
2016,7,Jul,22,Incontinence Appliances,2474
2016,7,Jul,23,Stoma Appliances,12461
2016,6,Jun,1,Gastro-Intestinal System,514623
2016,6,Jun,2,Cardiovascular System,1657928
2016,6,Jun,3,Respiratory System,450999
2016,6,Jun,4,Central Nervous System,1139549
2016,6,Jun,5,Infections,179315
2016,6,Jun,6,Endocrine System,535047
2016,6,Jun,7,"Obstetrics,Gynae+Urinary Tract Disorders",146193
2016,6,Jun,8,Malignant Disease & Immunosuppression,20811
2016,6,Jun,9,Nutrition and Blood,238527
2016,6,Jun,10,Musculoskeletal & Joint Diseases,186879
2016,6,Jun,11,Eye,118354
2016,6,Jun,12,"Ear, Nose and Oropharynx",80178
2016,6,Jun,13,Skin,171426
2016,6,Jun,14,Immunological Products & Vaccines,3254
2016,6,Jun,15,Anaesthesia,6898
2016,6,Jun,19,Other Drugs and Preparations,2050
2016,6,Jun,20,Dressings,30583
2016,6,Jun,21,Appliances,104632
2016,6,Jun,22,Incontinence Appliances,2814
2016,6,Jun,23,Stoma Appliances,13420
2016,5,May,1,Gastro-Intestinal System,492073
2016,5,May,2,Cardiovascular System,1600104
2016,5,May,3,Respiratory System,416932
2016,5,May,4,Central Nervous System,1091332
2016,5,May,5,Infections,178742
2016,5,May,6,Endocrine System,514599
2016,5,May,7,"Obstetrics,Gynae+Urinary Tract Disorders",139320
2016,5,May,8,Malignant Disease & Immunosuppression,19910
2016,5,May,9,Nutrition and Blood,227088
2016,5,May,10,Musculoskeletal & Joint Diseases,177865
2016,5,May,11,Eye,107272
2016,5,May,12,"Ear, Nose and Oropharynx",71394
2016,5,May,13,Skin,166824
2016,5,May,14,Immunological Products & Vaccines,2693
2016,5,May,15,Anaesthesia,6722
2016,5,May,19,Other Drugs and Preparations,1909
2016,5,May,20,Dressings,29011
2016,5,May,21,Appliances,100948
2016,5,May,22,Incontinence Appliances,2447
2016,5,May,23,Stoma Appliances,12814
2016,4,Apr,1,Gastro-Intestinal System,450340
2016,4,Apr,2,Cardiovascular System,1452061
2016,4,Apr,3,Respiratory System,368497
2016,4,Apr,4,Central Nervous System,1006536
2016,4,Apr,5,Infections,178229
2016,4,Apr,6,Endocrine System,465795
2016,4,Apr,7,"Obstetrics,Gynae+Urinary Tract Disorders",129707
2016,4,Apr,8,Malignant Disease & Immunosuppression,18453
2016,4,Apr,9,Nutrition and Blood,206526
2016,4,Apr,10,Musculoskeletal & Joint Diseases,165814
2016,4,Apr,11,Eye,94100
2016,4,Apr,12,"Ear, Nose and Oropharynx",62492
2016,4,Apr,13,Skin,160248
2016,4,Apr,14,Immunological Products & Vaccines,2795
2016,4,Apr,15,Anaesthesia,6431
2016,4,Apr,19,Other Drugs and Preparations,1736
2016,4,Apr,20,Dressings,26475
2016,4,Apr,21,Appliances,94370
2016,4,Apr,22,Incontinence Appliances,2412
2016,4,Apr,23,Stoma Appliances,12341
2016,3,Mar,1,Gastro-Intestinal System,507583
2016,3,Mar,2,Cardiovascular System,1648182
2016,3,Mar,3,Respiratory System,414858
2016,3,Mar,4,Central Nervous System,1134861
2016,3,Mar,5,Infections,221423
2016,3,Mar,6,Endocrine System,530241
2016,3,Mar,7,"Obstetrics,Gynae+Urinary Tract Disorders",141331
2016,3,Mar,8,Malignant Disease & Immunosuppression,20890
2016,3,Mar,9,Nutrition and Blood,230406
2016,3,Mar,10,Musculoskeletal & Joint Diseases,183557
2016,3,Mar,11,Eye,105693
2016,3,Mar,12,"Ear, Nose and Oropharynx",68507
2016,3,Mar,13,Skin,172466
2016,3,Mar,14,Immunological Products & Vaccines,2725
2016,3,Mar,15,Anaesthesia,6801
2016,3,Mar,19,Other Drugs and Preparations,1959
2016,3,Mar,20,Dressings,29014
2016,3,Mar,21,Appliances,105113
2016,3,Mar,22,Incontinence Appliances,2615
2016,3,Mar,23,Stoma Appliances,12548
2016,2,Feb,1,Gastro-Intestinal System,496987
2016,2,Feb,2,Cardiovascular System,1597776
2016,2,Feb,3,Respiratory System,398999
2016,2,Feb,4,Central Nervous System,1094974
2016,2,Feb,5,Infections,212732
2016,2,Feb,6,Endocrine System,513289
2016,2,Feb,7,"Obstetrics,Gynae+Urinary Tract Disorders",137936
2016,2,Feb,8,Malignant Disease & Immunosuppression,19992
2016,2,Feb,9,Nutrition and Blood,223527
2016,2,Feb,10,Musculoskeletal & Joint Diseases,178396
2016,2,Feb,11,Eye,101916
2016,2,Feb,12,"Ear, Nose and Oropharynx",64667
2016,2,Feb,13,Skin,171009
2016,2,Feb,14,Immunological Products & Vaccines,2899
2016,2,Feb,15,Anaesthesia,6623
2016,2,Feb,19,Other Drugs and Preparations,1879
2016,2,Feb,20,Dressings,29388
2016,2,Feb,21,Appliances,104159
2016,2,Feb,22,Incontinence Appliances,2570
2016,2,Feb,23,Stoma Appliances,12134
2016,1,Jan,1,Gastro-Intestinal System,472137
2016,1,Jan,2,Cardiovascular System,1491477
2016,1,Jan,3,Respiratory System,384504
2016,1,Jan,4,Central Nervous System,1037066
2016,1,Jan,5,Infections,203981
2016,1,Jan,6,Endocrine System,483217
2016,1,Jan,7,"Obstetrics,Gynae+Urinary Tract Disorders",133406
2016,1,Jan,8,Malignant Disease & Immunosuppression,18822
2016,1,Jan,9,Nutrition and Blood,209796
2016,1,Jan,10,Musculoskeletal & Joint Diseases,169749
2016,1,Jan,11,Eye,94658
2016,1,Jan,12,"Ear, Nose and Oropharynx",61343
2016,1,Jan,13,Skin,163480
2016,1,Jan,14,Immunological Products & Vaccines,2791
2016,1,Jan,15,Anaesthesia,6416
2016,1,Jan,19,Other Drugs and Preparations,1810
2016,1,Jan,20,Dressings,27823
2016,1,Jan,21,Appliances,99449
2016,1,Jan,22,Incontinence Appliances,2672
2016,1,Jan,23,Stoma Appliances,11457
